name,date
NC_045512.2,2019-12-26
England_NORW-22D223_2021,2021-02-10
England_NORW-22D1CC_2021,2021-02-13
England_NORW-22D162_2021,2021-02-13
England_NORW-22B37D_2021,2021-01-09
England_NORW-22D2C9_2021,2021-02-10
England_NORW-22D1BD_2021,2021-02-14
England_NORW-22D36C_2021,2021-02-10
England_NORW-22463F_2021,2021-02-15
England_NORW-22465D_2021,2021-02-15
England_NORW-22D205_2021,2021-02-12
England_NORW-22B4C5_2021,2021-01-08
England_NORW-22D27E_2021,2021-02-09
England_NORW-22D180_2021,2021-02-14
England_NORW-22466C_2021,2021-02-15
England_NORW-22464E_2021,2021-02-21
England_NORW-22B085_2021,2021-01-09
England_NORW-22D302_2021,2021-02-12
England_NORW-22D1AE_2021,2021-02-12
England_NORW-22D34E_2021,2021-02-13
England_NORW-22B00D_2021,2021-01-08
England_NORW-22B304_2021,2021-01-08
England_NORW-22D214_2021,2021-02-14
England_NORW-22D250_2021,2021-02-10
England_NORW-22468A_2021,2021-02-15
England_NORW-22D171_2021,2021-02-14
England_NORW-22D26F_2021,2021-02-09
England_NORW-22D0DE_2021,2021-02-12
England_NORW-22D3D5_2021,2021-02-14
England_NORW-22D2F6_2021,2021-02-09
England_NORW-22B2F8_2021,2021-01-08
England_NORW-22D2BA_2021,2021-02-13
England_NORW-22AF4D_2021,2021-01-08
England_NORW-22D19F_2021,2021-02-13
England_NORW-22D108_2021,2021-02-09
England_NORW-22D38A_2021,2021-02-10
England_NORW-22D2E7_2021,2021-02-12
England_NORW-22D1F9_2021,2021-02-10
England_NORW-22D3B7_2021,2021-02-12
England_NORW-22D399_2021,2021-02-10
England_NORW-22B3E6_2021,2021-01-28
England_NORW-22B8AB_2021,2021-01-28
England_NORW-22B38C_2021,2021-01-27
England_NORW-22B54A_2021,2021-01-27
England_NORW-22BD51_2021,2021-01-26
England_NORW-22CC17_2021,2021-02-02
England_NORW-21FC08_2021,2021-02-22
England_NORW-22BBA2_2021,2021-01-16
England_NORW-22BA0F_2021,2021-01-29
England_NORW-22B225_2021,2021-01-28
England_NORW-22D539_2021,2021-02-21
England_NORW-22BB39_2021,2021-01-28
England_NORW-22B216_2021,2021-01-28
England_NORW-22BB0C_2021,2021-01-28
England_NORW-22C1CD_2021,2021-02-02
England_NORW-22BE30_2021,2021-01-28
England_NORW-22BDF7_2021,2021-01-26
England_NORW-22BB93_2021,2021-01-28
England_NORW-22BE6D_2021,2021-01-23
England_NORW-22B2CB_2021,2021-01-23
England_NORW-22BCDC_2021,2021-01-09
England_NORW-22CE5D_2021,2021-02-04
England_NORW-22BFE2_2021,2021-02-04
England_NORW-22C172_2021,2021-01-31
England_NORW-22B902_2021,2021-01-26
England_NORW-22BCCD_2021,2021-01-20
England_NORW-22D469_2021,2021-02-20
England_NORW-22BF79_2021,2021-01-31
England_NORW-22B9F3_2021,2021-01-26
England_NORW-22BD8E_2021,2021-01-26
England_NORW-22BDBB_2021,2021-01-28
England_NORW-22CD14_2021,2021-02-02
England_NORW-22D593_2021,2021-02-21
England_NORW-22BF6A_2021,2021-02-02
England_NORW-22CD9C_2021,2021-02-01
England_NORW-21FC62_2021,2021-02-22
England_NORW-22BD42_2021,2021-01-22
England_NORW-22CD41_2021,2021-02-02
England_NORW-22D548_2021,2021-02-20
England_NORW-22D43C_2021,2021-02-21
England_NORW-22B42F_2021,2021-01-23
England_NORW-22BC45_2021,2021-01-23
England_NORW-22CDC9_2021,2021-02-02
England_NORW-22C206_2021,2021-02-03
England_NORW-22B2BC_2021,2021-01-27
England_NORW-22BD7F_2021,2021-01-23
England_NORW-22BEC7_2021,2021-01-26
England_NORW-22BEA9_2021,2021-01-23
England_NORW-22D487_2021,2021-02-20
England_NORW-22BBB1_2021,2021-01-26
England_NORW-22B9B7_2021,2021-01-24
England_NORW-22CD6F_2021,2021-02-02
England_NORW-22BE4F_2021,2021-01-23
England_NORW-22CC53_2021,2021-02-02
England_NORW-22CD7E_2021,2021-02-02
England_NORW-22B43E_2021,2021-01-27
England_NORW-22C145_2021,2021-01-31
England_NORW-22B313_2021,2021-01-28
England_NORW-22D29C_2021,2021-02-19
England_NORW-22BD15_2021,2021-01-27
England_NORW-22B2AD_2021,2021-01-27
England_NORW-22BDD9_2021,2021-01-23
England_NORW-22B52C_2021,2021-01-28
England_NORW-22B39B_2021,2021-01-28
England_NORW-22B243_2021,2021-01-27
England_NORW-22B261_2021,2021-01-28
England_NORW-22BC81_2021,2021-01-27
England_NORW-22BD06_2021,2021-01-26
England_NORW-22BAF0_2021,2021-01-24
England_NORW-22BDE8_2021,2021-01-23
England_NORW-22B45C_2021,2021-01-27
England_NORW-22BAD2_2021,2021-01-16
England_NORW-22B51D_2021,2021-01-27
England_NORW-22C039_2021,2021-02-03
England_NORW-22B252_2021,2021-01-28
England_NORW-22BDAC_2021,2021-01-26
England_NORW-22B35F_2021,2021-01-27
England_NORW-22C1DC_2021,2021-01-31
England_NORW-22B3B9_2021,2021-01-26
England_NORW-22BE9A_2021,2021-01-26
England_NORW-22D496_2021,2021-02-20
England_NORW-22BF5B_2021,2021-02-03
England_NORW-22BE8B_2021,2021-01-23
England_NORW-22C057_2021,2021-01-29
England_NORW-22B9E4_2021,2021-01-28
England_NORW-21FB29_2021,2021-02-22
England_NORW-22B2DA_2021,2021-01-27
England_NORW-22BE7C_2021,2021-01-23
England_NORW-22CB65_2021,2021-01-26
England_NORW-22BB75_2021,2021-01-29
England_NORW-22CC62_2021,2021-02-02
England_NORW-228F7C_2021,2021-01-12
England_NORW-229719_2021,2021-01-20
England_NORW-2273F9_2021,2021-02-08
England_NORW-22970A_2021,2021-01-05
England_NORW-2297A0_2021,2021-01-12
England_NORW-22898D_2021,2021-01-03
England_NORW-229C0B_2021,2021-02-07
England_NORW-2291DF_2021,2021-01-04
England_NORW-228747_2021,2021-01-04
England_NORW-228FE5_2021,2021-01-05
England_NORW-228DDC_2021,2021-01-18
England_NORW-22A077_2021,2021-02-07
England_NORW-22899C_2021,2021-01-20
England_NORW-227E07_2021,2021-01-12
England_NORW-229281_2021,2021-01-04
England_NORW-22A772_2021,2021-02-10
England_NORW-2245F6_2021,2021-02-12
England_NORW-22A45D_2021,2021-02-10
England_NORW-229597_2020,2020-12-30
England_NORW-2284F5_2021,2021-01-12
England_NORW-229D08_2021,2021-02-10
England_NORW-227265_2021,2021-02-05
England_NORW-228176_2021,2021-01-04
England_NORW-22A96D_2021,2021-02-06
England_NORW-229139_2021,2021-01-20
England_NORW-2283E9_2020,2020-12-30
England_NORW-2294A9_2021,2021-01-04
England_NORW-2295C4_2021,2021-01-04
England_NORW-22AAD3_2021,2021-02-10
England_NORW-22951F_2021,2021-01-13
England_NORW-22A332_2021,2021-02-07
England_NORW-22897E_2021,2021-01-03
England_NORW-22A97C_2021,2021-02-08
England_NORW-229B1D_2021,2021-01-04
England_NORW-228B0F_2021,2021-01-04
England_NORW-228307_2021,2021-01-18
England_NORW-227F7D_2021,2021-01-12
England_NORW-228000_2021,2021-01-21
England_NORW-2245E7_2021,2021-02-12
England_NORW-229B86_2020,2020-12-29
England_NORW-228B87_2021,2021-01-04
England_NORW-224611_2021,2021-02-12
England_NORW-229096_2021,2021-01-20
England_NORW-227FE6_2021,2021-01-04
England_NORW-2292CD_2021,2021-01-12
England_NORW-228DFA_2021,2021-01-05
England_NORW-22911B_2021,2021-01-22
England_NORW-22A253_2021,2021-02-07
England_NORW-22A9F4_2021,2021-02-05
England_NORW-228871_2021,2021-01-12
England_NORW-22862C_2021,2021-01-18
England_NORW-2296C1_2021,2021-01-20
England_NORW-22756C_2021,2021-02-06
England_NORW-22960D_2021,2021-01-20
England_NORW-227F8C_2021,2021-01-22
England_NORW-22961C_2021,2021-01-20
England_NORW-228E15_2021,2021-01-20
England_NORW-229A01_2020,2020-12-23
England_NORW-228CEE_2021,2021-01-20
England_NORW-229658_2021,2021-01-21
England_NORW-227247_2021,2021-02-07
England_NORW-22AEAA_2021,2021-02-07
England_NORW-227F31_2021,2021-01-03
England_NORW-2291A2_2021,2021-01-18
England_NORW-228352_2021,2021-01-02
England_NORW-227FB9_2021,2021-01-20
England_NORW-229AF2_2020,2020-12-30
England_NORW-228B78_2021,2021-01-03
England_NORW-22810D_2020,2020-12-01
England_NORW-228C57_2021,2021-01-18
